_id,createdDate,lastLogin,active,role,signUpSource,state
5ff1e194b6a9d73a3a9f1052,2021-01-03 15:24:04.799999952,2021-01-03 15:25:37.858000040,True,consumer,Email,WI
5ff1e194b6a9d73a3a9f1052,2021-01-03 15:24:04.799999952,2021-01-03 15:25:37.858000040,True,consumer,Email,WI
5ff1e194b6a9d73a3a9f1052,2021-01-03 15:24:04.799999952,2021-01-03 15:25:37.858000040,True,consumer,Email,WI
5ff1e1eacfcf6c399c274ae6,2021-01-03 15:25:30.553999901,2021-01-03 15:25:30.596999884,True,consumer,Email,WI
5ff1e194b6a9d73a3a9f1052,2021-01-03 15:24:04.799999952,2021-01-03 15:25:37.858000040,True,consumer,Email,WI
5ff1e194b6a9d73a3a9f1052,2021-01-03 15:24:04.799999952,2021-01-03 15:25:37.858000040,True,consumer,Email,WI
5ff1e1e8cfcf6c399c274ad9,2021-01-03 15:25:28.354000092,2021-01-03 15:25:28.391999960,True,consumer,Email,WI
5ff1e1b7cfcf6c399c274a5a,2021-01-03 15:24:39.625999928,2021-01-03 15:24:39.664999962,True,consumer,Email,WI
5ff1e194b6a9d73a3a9f1052,2021-01-03 15:24:04.799999952,2021-01-03 15:25:37.858000040,True,consumer,Email,WI
5ff1e1f1cfcf6c399c274b0b,2021-01-03 15:25:37.563999891,2021-01-03 15:25:37.598999977,True,consumer,Email,WI
5ff1e194b6a9d73a3a9f1052,2021-01-03 15:24:04.799999952,2021-01-03 15:25:37.858000040,True,consumer,Email,WI
5ff1e1eacfcf6c399c274ae6,2021-01-03 15:25:30.553999901,2021-01-03 15:25:30.596999884,True,consumer,Email,WI
5ff1e194b6a9d73a3a9f1052,2021-01-03 15:24:04.799999952,2021-01-03 15:25:37.858000040,True,consumer,Email,WI
5ff1e1eacfcf6c399c274ae6,2021-01-03 15:25:30.553999901,2021-01-03 15:25:30.596999884,True,consumer,Email,WI
5ff1e194b6a9d73a3a9f1052,2021-01-03 15:24:04.799999952,2021-01-03 15:25:37.858000040,True,consumer,Email,WI
5ff1e194b6a9d73a3a9f1052,2021-01-03 15:24:04.799999952,2021-01-03 15:25:37.858000040,True,consumer,Email,WI
5ff1e1e4cfcf6c399c274ac3,2021-01-03 15:25:24.655999899,2021-01-03 15:25:24.694000006,True,consumer,Email,WI
5ff1e1b4cfcf6c399c274a54,2021-01-03 15:24:36.410000086,2021-01-03 15:24:36.451999903,True,consumer,Email,WI
5ff1e1eacfcf6c399c274ae6,2021-01-03 15:25:30.553999901,2021-01-03 15:25:30.596999884,True,consumer,Email,WI
5ff1e194b6a9d73a3a9f1052,2021-01-03 15:24:04.799999952,2021-01-03 15:25:37.858000040,True,consumer,Email,WI
5ff370c562fde912123a5e0e,2021-01-04 19:47:17.776000023,2021-01-04 19:50:50.562999964,True,consumer,Email,WI
5ff36d0362fde912123a5535,2021-01-04 19:31:15.973000050,2021-01-04 19:34:42.944000006,True,consumer,Email,WI
5ff36d83135e7011bcb864d6,2021-01-04 19:33:23.243999958,2021-01-04 19:33:23.424999952,True,consumer,Email,WI
5ff36c8862fde912123a538a,2021-01-04 19:29:12.943000078,2021-01-04 19:29:13.141000032,True,consumer,Email,WI
5ff370c562fde912123a5e0e,2021-01-04 19:47:17.776000023,2021-01-04 19:50:50.562999964,True,consumer,Email,WI
5ff36be7135e7011bcb856d3,2021-01-04 19:26:31.239000082,2021-01-04 19:29:52.726000071,True,consumer,Email,WI
5ff36d0362fde912123a5535,2021-01-04 19:31:15.973000050,2021-01-04 19:34:42.944000006,True,consumer,Email,WI
5ff36be7135e7011bcb856d3,2021-01-04 19:26:31.239000082,2021-01-04 19:29:52.726000071,True,consumer,Email,WI
5ff36a3862fde912123a4460,2021-01-04 19:19:20.351999998,2021-01-04 19:23:05.339999914,True,consumer,Email,WI
5ff36d0362fde912123a5535,2021-01-04 19:31:15.973000050,2021-01-04 19:34:42.944000006,True,consumer,Email,WI
5ff36c8e135e7011bcb85da4,2021-01-04 19:29:18.993999958,2021-01-04 19:29:19.173000097,True,consumer,Email,WI
5ff36a3862fde912123a4460,2021-01-04 19:19:20.351999998,2021-01-04 19:23:05.339999914,True,consumer,Email,WI
5ff370c562fde912123a5e0e,2021-01-04 19:47:17.776000023,2021-01-04 19:50:50.562999964,True,consumer,Email,WI
5ff36a3862fde912123a4460,2021-01-04 19:19:20.351999998,2021-01-04 19:23:05.339999914,True,consumer,Email,WI
5ff36a3862fde912123a4460,2021-01-04 19:19:20.351999998,2021-01-04 19:23:05.339999914,True,consumer,Email,WI
5ff370c562fde912123a5e0e,2021-01-04 19:47:17.776000023,2021-01-04 19:50:50.562999964,True,consumer,Email,WI
5ff36a3862fde912123a4460,2021-01-04 19:19:20.351999998,2021-01-04 19:23:05.339999914,True,consumer,Email,WI
5ff370c562fde912123a5e0e,2021-01-04 19:47:17.776000023,2021-01-04 19:50:50.562999964,True,consumer,Email,WI
5ff3711e62fde912123a620e,2021-01-04 19:48:46.806999922,2021-01-04 19:48:46.996999979,True,consumer,Email,WI
5ff36be7135e7011bcb856d3,2021-01-04 19:26:31.239000082,2021-01-04 19:29:52.726000071,True,consumer,Email,WI
5ff4ce33c3d63511e2a484b6,2021-01-05 20:38:11.229000092,2021-01-05 20:39:55.131000042,True,consumer,Email,WI
5ff473e7c1e2d0121a9b2697,2021-01-05 14:12:55.668999910,2021-01-05 14:12:55.877000093,True,consumer,Email,WI
5ff47392c3d63511e2a47881,2021-01-05 14:11:30.233000040,2021-01-05 14:15:33.549999952,True,consumer,Email,WI
5ff47392c3d63511e2a47881,2021-01-05 14:11:30.233000040,2021-01-05 14:15:33.549999952,True,consumer,Email,WI
5ff4ce33c3d63511e2a484b6,2021-01-05 20:38:11.229000092,2021-01-05 20:39:55.131000042,True,consumer,Email,WI
5ff4ce91c1e2d0121a9b3057,2021-01-05 20:39:45.282000065,2021-01-05 20:39:45.328999996,True,consumer,Email,WI
5ff47392c3d63511e2a47881,2021-01-05 14:11:30.233000040,2021-01-05 14:15:33.549999952,True,consumer,Email,WI
5ff4ce3dc3d63511e2a484dc,2021-01-05 20:38:21.887000084,2021-01-05 20:38:21.937999964,True,consumer,Email,WI
5ff4ce33c3d63511e2a484b6,2021-01-05 20:38:11.229000092,2021-01-05 20:39:55.131000042,True,consumer,Email,WI
5ff4ce3dc3d63511e2a484dc,2021-01-05 20:38:21.887000084,2021-01-05 20:38:21.937999964,True,consumer,Email,WI
5ff4ce33c3d63511e2a484b6,2021-01-05 20:38:11.229000092,2021-01-05 20:39:55.131000042,True,consumer,Email,WI
5ff47392c3d63511e2a47881,2021-01-05 14:11:30.233000040,2021-01-05 14:15:33.549999952,True,consumer,Email,WI
5ff4ce3dc3d63511e2a484dc,2021-01-05 20:38:21.887000084,2021-01-05 20:38:21.937999964,True,consumer,Email,WI
5ff4ce3dc3d63511e2a484dc,2021-01-05 20:38:21.887000084,2021-01-05 20:38:21.937999964,True,consumer,Email,WI
5ff4ce33c3d63511e2a484b6,2021-01-05 20:38:11.229000092,2021-01-05 20:39:55.131000042,True,consumer,Email,WI
5ff4ce34c3d63511e2a484ba,2021-01-05 20:38:12.503000020,2021-01-05 20:38:12.565000057,True,consumer,Email,WI
5ff4ce33c3d63511e2a484b6,2021-01-05 20:38:11.229000092,2021-01-05 20:39:55.131000042,True,consumer,Email,WI
5ff4ce33c3d63511e2a484b6,2021-01-05 20:38:11.229000092,2021-01-05 20:39:55.131000042,True,consumer,Email,WI
5ff4ce3ac1e2d0121a9b2fb3,2021-01-05 20:38:18.446000099,2021-01-05 20:38:18.494999886,True,consumer,Email,WI
5ff47392c3d63511e2a47881,2021-01-05 14:11:30.233000040,2021-01-05 14:15:33.549999952,True,consumer,Email,WI
5ff5d15aeb7c7d12096d91a2,2021-01-06 15:03:54.680000067,2021-01-06 15:08:10.009000063,True,consumer,Email,WI
5ff5d15aeb7c7d12096d91a2,2021-01-06 15:03:54.680000067,2021-01-06 15:08:10.009000063,True,consumer,Email,WI
5ff5d15aeb7c7d12096d91a2,2021-01-06 15:03:54.680000067,2021-01-06 15:08:10.009000063,True,consumer,Email,WI
5ff5d15aeb7c7d12096d91a2,2021-01-06 15:03:54.680000067,2021-01-06 15:08:10.009000063,True,consumer,Email,WI
5ff5d15aeb7c7d12096d91a2,2021-01-06 15:03:54.680000067,2021-01-06 15:08:10.009000063,True,consumer,Email,WI
5ff5d15aeb7c7d12096d91a2,2021-01-06 15:03:54.680000067,2021-01-06 15:08:10.009000063,True,consumer,Email,WI
5ff5d1a38f142f11dd1886ba,2021-01-06 15:05:07.667000055,2021-01-06 15:05:07.878000021,True,consumer,Email,WI
5ff5d15aeb7c7d12096d91a2,2021-01-06 15:03:54.680000067,2021-01-06 15:08:10.009000063,True,consumer,Email,WI
5ff5d15aeb7c7d12096d91a2,2021-01-06 15:03:54.680000067,2021-01-06 15:08:10.009000063,True,consumer,Email,WI
5ff5d15aeb7c7d12096d91a2,2021-01-06 15:03:54.680000067,2021-01-06 15:08:10.009000063,True,consumer,Email,WI
5ff5d15aeb7c7d12096d91a2,2021-01-06 15:03:54.680000067,2021-01-06 15:08:10.009000063,True,consumer,Email,WI
5ff5d15aeb7c7d12096d91a2,2021-01-06 15:03:54.680000067,2021-01-06 15:08:10.009000063,True,consumer,Email,WI
5ff5d15aeb7c7d12096d91a2,2021-01-06 15:03:54.680000067,2021-01-06 15:08:10.009000063,True,consumer,Email,WI
5ff5d15aeb7c7d12096d91a2,2021-01-06 15:03:54.680000067,2021-01-06 15:08:10.009000063,True,consumer,Email,WI
5ff5d15aeb7c7d12096d91a2,2021-01-06 15:03:54.680000067,2021-01-06 15:08:10.009000063,True,consumer,Email,WI
5ff5d15aeb7c7d12096d91a2,2021-01-06 15:03:54.680000067,2021-01-06 15:08:10.009000063,True,consumer,Email,WI
5ff5d1d08f142f11dd18884c,2021-01-06 15:05:52.483999968,2021-01-06 15:05:52.717000008,True,consumer,Email,WI
5ff5d15aeb7c7d12096d91a2,2021-01-06 15:03:54.680000067,2021-01-06 15:08:10.009000063,True,consumer,Email,WI
5ff5d15aeb7c7d12096d91a2,2021-01-06 15:03:54.680000067,2021-01-06 15:08:10.009000063,True,consumer,Email,WI
5ff5d15aeb7c7d12096d91a2,2021-01-06 15:03:54.680000067,2021-01-06 15:08:10.009000063,True,consumer,Email,WI
5ff7264e8f142f11dd189504,2021-01-07 15:18:38.595999956,2021-01-07 15:20:26.821000099,True,consumer,Email,WI
5ff7401ceb7c7d31ca8a46e0,2021-01-07 17:08:44.072000027,2021-01-07 17:08:44.351999998,True,consumer,Email,WI
5ff73bea8f142f3276c3e84a,2021-01-07 16:50:50.206000090,2021-01-07 16:50:50.255000114,True,consumer,Email,WI
5ff74f3db3348b11c93361d1,2021-01-07 18:13:17.921000004,2021-01-07 18:17:03.217000008,True,consumer,Email,WI
5ff7264e8f142f11dd189504,2021-01-07 15:18:38.595999956,2021-01-07 15:20:26.821000099,True,consumer,Email,WI
5ff73b90eb7c7d31ca8a452b,2021-01-07 16:49:20.959000111,2021-01-07 16:51:07.266999959,True,consumer,Email,WI
5ff7930fb3348b11c93372a6,2021-01-07 23:02:39.759000063,2021-01-07 23:09:54.655999899,True,consumer,Email,WI
5ff7268eeb7c7d12096da2a9,2021-01-07 15:19:42.584000111,2021-01-07 15:19:42.630000114,True,consumer,Email,WI
5ff7268eeb7c7d12096da2a9,2021-01-07 15:19:42.584000111,2021-01-07 15:19:42.630000114,True,consumer,Email,WI
5ff7264e8f142f11dd189504,2021-01-07 15:18:38.595999956,2021-01-07 15:20:26.821000099,True,consumer,Email,WI
5ff7930fb3348b11c93372a6,2021-01-07 23:02:39.759000063,2021-01-07 23:09:54.655999899,True,consumer,Email,WI
5ff726a0eb7c7d12096da2db,2021-01-07 15:20:00.299000025,2021-01-07 15:20:00.352999926,True,consumer,Email,WI
5ff793dd04929111f6e90c69,2021-01-07 23:06:05.503000020,2021-01-07 23:06:05.680999994,True,consumer,Email,WI
5ff7949eb3348b11c93373d2,2021-01-07 23:09:18.698999882,2021-01-07 23:09:18.839999914,True,consumer,Email,WI
5ff7268c8f142f11dd189579,2021-01-07 15:19:40.196000099,2021-01-07 15:19:40.243000031,True,consumer,Email,WI
5ff73b90eb7c7d31ca8a452b,2021-01-07 16:49:20.959000111,2021-01-07 16:51:07.266999959,True,consumer,Email,WI
5ff7264e8f142f11dd189504,2021-01-07 15:18:38.595999956,2021-01-07 15:20:26.821000099,True,consumer,Email,WI
5ff616a68f142f11dd189163,2021-01-06 19:59:34.996000051,,True,consumer,Email,KY
5ff7930fb3348b11c93372a6,2021-01-07 23:02:39.759000063,2021-01-07 23:09:54.655999899,True,consumer,Email,WI
5ff79464b3348b11c933738b,2021-01-07 23:08:20.153000116,2021-01-07 23:08:20.301000118,True,consumer,Email,WI
5ff8c241b3348b11c93379fc,2021-01-08 20:36:17.625999928,2021-01-08 20:36:17.831000090,True,consumer,Email,WI
5ff8ce8504929111f6e913cb,2021-01-08 21:28:37.743000031,2021-01-08 21:29:59.411000013,True,consumer,Email,WI
5ff8ce8504929111f6e913cb,2021-01-08 21:28:37.743000031,2021-01-08 21:29:59.411000013,True,consumer,Email,WI
5ff873d1b3348b11c9337716,2021-01-08 15:01:37.348000050,2021-01-08 15:03:21.259000063,True,consumer,Email,WI
5ff873ef04929111f6e910f0,2021-01-08 15:02:07.604000092,2021-01-08 15:02:07.654999971,True,consumer,Email,WI
5ff8c4e8b3348b11c9337a11,2021-01-08 20:47:36.723999977,2021-01-08 20:47:37.088000059,True,consumer,Email,WI
5ff873d1b3348b11c9337716,2021-01-08 15:01:37.348000050,2021-01-08 15:03:21.259000063,True,consumer,Email,WI
5ff8da28b3348b11c9337ac6,2021-01-08 22:18:16.844000101,2021-01-08 22:19:49.938999891,True,consumer,Email,WI
5ff8da7db3348b11c9337b6a,2021-01-08 22:19:41.688999891,2021-01-08 22:19:41.737999916,True,consumer,Email,WI
5ff873ddb3348b11c9337733,2021-01-08 15:01:49.160000086,2021-01-08 15:01:49.201999903,True,consumer,Email,WI
5ff8a11db3348b11c93378aa,2021-01-08 18:14:53.733999968,2021-01-08 18:14:53.927999973,True,consumer,Email,WI
5ff873d1b3348b11c9337716,2021-01-08 15:01:37.348000050,2021-01-08 15:03:21.259000063,True,consumer,Email,WI
5ff873d1b3348b11c9337716,2021-01-08 15:01:37.348000050,2021-01-08 15:03:21.259000063,True,consumer,Email,WI
5ff873d1b3348b11c9337716,2021-01-08 15:01:37.348000050,2021-01-08 15:03:21.259000063,True,consumer,Email,WI
5ff8ce8504929111f6e913cb,2021-01-08 21:28:37.743000031,2021-01-08 21:29:59.411000013,True,consumer,Email,WI
5ff8d634b3348b11c9337aa4,2021-01-08 22:01:24.237999916,2021-01-08 22:01:24.517999887,True,consumer,Email,WI
5ff8da28b3348b11c9337ac6,2021-01-08 22:18:16.844000101,2021-01-08 22:19:49.938999891,True,consumer,Email,WI
5ff8c330b3348b11c9337a04,2021-01-08 20:40:16.721999884,2021-01-08 20:40:16.933000088,True,consumer,Email,WI
5ff873ddb3348b11c9337733,2021-01-08 15:01:49.160000086,2021-01-08 15:01:49.201999903,True,consumer,Email,WI
5ff8da7eb3348b11c9337b72,2021-01-08 22:19:42.703999996,2021-01-08 22:19:42.749000072,True,consumer,Email,WI
5ffcb47d04929111f6e9256c,2021-01-11 20:26:37.224999905,2021-01-11 20:28:21.430000067,True,consumer,Email,WI
5ffc8ff9b3348b11c9338896,2021-01-11 17:50:49.526999950,2021-01-11 17:50:49.566999912,True,consumer,Email,WI
5ffc8f9704929111f6e922bf,2021-01-11 17:49:11.890000105,2021-01-11 17:50:56.750000000,True,consumer,Email,WI
5ffc9001b3348b11c93388b6,2021-01-11 17:50:57.375000000,2021-01-11 17:50:57.414999962,True,consumer,Email,WI
5ffc8ff9b3348b11c9338896,2021-01-11 17:50:49.526999950,2021-01-11 17:50:49.566999912,True,consumer,Email,WI
5ffc8f9704929111f6e922bf,2021-01-11 17:49:11.890000105,2021-01-11 17:50:56.750000000,True,consumer,Email,WI
5ffc8f9704929111f6e922bf,2021-01-11 17:49:11.890000105,2021-01-11 17:50:56.750000000,True,consumer,Email,WI
5ffc8ff9b3348b11c9338896,2021-01-11 17:50:49.526999950,2021-01-11 17:50:49.566999912,True,consumer,Email,WI
5ffc8ff9b3348b11c9338896,2021-01-11 17:50:49.526999950,2021-01-11 17:50:49.566999912,True,consumer,Email,WI
5ffcb4bc04929111f6e92608,2021-01-11 20:27:40.224999905,2021-01-11 20:27:40.265000105,True,consumer,Email,WI
5ffc9d87b3348b11c9338920,2021-01-11 18:48:39.075999975,2021-01-11 18:50:13.460999966,True,consumer,Email,WI
5ffc8f9704929111f6e922bf,2021-01-11 17:49:11.890000105,2021-01-11 17:50:56.750000000,True,consumer,Email,WI
5ffc9d87b3348b11c9338920,2021-01-11 18:48:39.075999975,2021-01-11 18:50:13.460999966,True,consumer,Email,WI
5ffcb47d04929111f6e9256c,2021-01-11 20:26:37.224999905,2021-01-11 20:28:21.430000067,True,consumer,Email,WI
5ffc9d87b3348b11c9338920,2021-01-11 18:48:39.075999975,2021-01-11 18:50:13.460999966,True,consumer,Email,WI
5ffc8f9704929111f6e922bf,2021-01-11 17:49:11.890000105,2021-01-11 17:50:56.750000000,True,consumer,Email,WI
5ffcb4bc04929111f6e92608,2021-01-11 20:27:40.224999905,2021-01-11 20:27:40.265000105,True,consumer,Email,WI
5ffc8f9704929111f6e922bf,2021-01-11 17:49:11.890000105,2021-01-11 17:50:56.750000000,True,consumer,Email,WI
5ffc9d9f04929111f6e92456,2021-01-11 18:49:03.920000076,2021-01-11 18:49:03.964999914,True,consumer,Email,WI
5ffca30604929111f6e92525,2021-01-11 19:12:06.515000105,2021-01-11 19:12:06.790999889,True,consumer,Email,WI
5fff0f9804929101d0ab0697,2021-01-13 15:19:52.446000099,2021-01-13 15:19:52.677999973,True,consumer,Email,WI
5fff0f4fb3348b03eb45abb0,2021-01-13 15:18:39.069999933,2021-01-13 15:22:02.153000116,True,consumer,Email,WI
5fff4beedf9ace121f0c17ea,2021-01-13 19:37:18.414999962,2021-01-13 19:41:12.676000118,True,consumer,Email,WI
5ffe115404929101d0aaebb2,2021-01-12 21:15:00.207999945,,True,consumer,Email,AL
5fff55dabd4dff11dda8f5f1,2021-01-13 20:19:38.720999956,2021-01-13 20:23:26.974999905,True,consumer,Email,WI
5fff0f4fb3348b03eb45abb0,2021-01-13 15:18:39.069999933,2021-01-13 15:22:02.153000116,True,consumer,Email,WI
5fff55dabd4dff11dda8f5f1,2021-01-13 20:19:38.720999956,2021-01-13 20:23:26.974999905,True,consumer,Email,WI
5fff4beedf9ace121f0c17ea,2021-01-13 19:37:18.414999962,2021-01-13 19:41:12.676000118,True,consumer,Email,WI
5ffe115404929101d0aaebb2,2021-01-12 21:15:00.207999945,,True,consumer,Email,AL
5fff26bab3348b03eb45bb22,2021-01-13 16:58:34.026999950,2021-01-13 16:58:34.075000048,True,consumer,Email,WI
5fff55dabd4dff11dda8f5f1,2021-01-13 20:19:38.720999956,2021-01-13 20:23:26.974999905,True,consumer,Email,WI
5fff0f4fb3348b03eb45abb0,2021-01-13 15:18:39.069999933,2021-01-13 15:22:02.153000116,True,consumer,Email,WI
5fff55dabd4dff11dda8f5f1,2021-01-13 20:19:38.720999956,2021-01-13 20:23:26.974999905,True,consumer,Email,WI
5fff55dabd4dff11dda8f5f1,2021-01-13 20:19:38.720999956,2021-01-13 20:23:26.974999905,True,consumer,Email,WI
5fff4c7461ffa811fdb0854c,2021-01-13 19:39:32.913000107,2021-01-13 19:39:33.163000107,True,consumer,Email,WI
5fff26bfb3348b03eb45bb32,2021-01-13 16:58:39.411000013,2021-01-13 16:58:39.463000059,True,consumer,Email,WI
5fff55dabd4dff11dda8f5f1,2021-01-13 20:19:38.720999956,2021-01-13 20:23:26.974999905,True,consumer,Email,WI
5fff0f4fb3348b03eb45abb0,2021-01-13 15:18:39.069999933,2021-01-13 15:22:02.153000116,True,consumer,Email,WI
5fff26f2b3348b03eb45bbb9,2021-01-13 16:59:30.517999887,2021-01-13 16:59:30.566999912,True,consumer,Email,WI
5fff55dabd4dff11dda8f5f1,2021-01-13 20:19:38.720999956,2021-01-13 20:23:26.974999905,True,consumer,Email,WI
6000d4bae2571211db395b9f,2021-01-14 23:33:14.861000061,2021-01-14 23:33:14.903000116,True,consumer,Email,WI
600056a3f7e5b011fce897b0,2021-01-14 14:35:15.207000017,2021-01-14 14:37:10.766999960,True,consumer,Email,WI
600056a3f7e5b011fce897b0,2021-01-14 14:35:15.207000017,2021-01-14 14:37:10.766999960,True,consumer,Email,WI
600056a3f7e5b011fce897b0,2021-01-14 14:35:15.207000017,2021-01-14 14:37:10.766999960,True,consumer,Email,WI
6000d46cfb296c121a81b20c,2021-01-14 23:31:56.664999962,2021-01-14 23:33:52.700999975,True,consumer,Email,WI
6000b7aefb296c121a8198b1,2021-01-14 21:29:18.187999964,2021-01-14 21:33:22.665999889,True,consumer,Email,WI
60005709bd4dff11dda90ac1,2021-01-14 14:36:57.987999916,2021-01-14 14:36:58.051000118,True,consumer,Email,WI
6000b7aefb296c121a8198b1,2021-01-14 21:29:18.187999964,2021-01-14 21:33:22.665999889,True,consumer,Email,WI
600056a3f7e5b011fce897b0,2021-01-14 14:35:15.207000017,2021-01-14 14:37:10.766999960,True,consumer,Email,WI
6000b7aefb296c121a8198b1,2021-01-14 21:29:18.187999964,2021-01-14 21:33:22.665999889,True,consumer,Email,WI
5e27526d0bdb6a138c32b556,2020-01-21 19:35:09.795000076,,True,consumer,Google,WI
600056a3f7e5b011fce897b0,2021-01-14 14:35:15.207000017,2021-01-14 14:37:10.766999960,True,consumer,Email,WI
6000d46cfb296c121a81b20c,2021-01-14 23:31:56.664999962,2021-01-14 23:33:52.700999975,True,consumer,Email,WI
6000d4abe2571211db395b5c,2021-01-14 23:32:59.197000027,2021-01-14 23:32:59.247999907,True,consumer,Email,WI
600056d6bd4dff11dda90a3f,2021-01-14 14:36:06.157000065,2021-01-14 14:36:06.207999945,True,consumer,Email,WI
60005704bd4dff11dda90a9d,2021-01-14 14:36:52.368000031,2021-01-14 14:36:52.417999983,True,consumer,Email,WI
600056a3f7e5b011fce897b0,2021-01-14 14:35:15.207000017,2021-01-14 14:37:10.766999960,True,consumer,Email,WI
600056a3f7e5b011fce897b0,2021-01-14 14:35:15.207000017,2021-01-14 14:37:10.766999960,True,consumer,Email,WI
600056a3f7e5b011fce897b0,2021-01-14 14:35:15.207000017,2021-01-14 14:37:10.766999960,True,consumer,Email,WI
60005709bd4dff11dda90ac1,2021-01-14 14:36:57.987999916,2021-01-14 14:36:58.051000118,True,consumer,Email,WI
6002475cfb296c121a81b98d,2021-01-16 01:54:36.571000099,,True,consumer,Email,WI
60024f24e257124ec6b99a13,2021-01-16 02:27:49.345000029,,True,consumer,Email,WI
60037329e257124ec6b99eeb,2021-01-16 23:13:45.573999882,,True,consumer,Email,WI
6000b75bbe5fc96dfee1d4d3,2021-01-14 21:27:55.937999964,,True,consumer,Email,AL
6002541ae257124ec6b99a3a,2021-01-16 02:48:58.736000061,,True,consumer,Email,WI
6000b75bbe5fc96dfee1d4d3,2021-01-14 21:27:55.937999964,,True,consumer,Email,AL
600258dafb296c4ef805d9b7,2021-01-16 03:09:14.959000111,,True,consumer,Email,WI
60025c65fb296c4ef805d9e6,2021-01-16 03:24:21.980000019,,True,consumer,Email,WI
60037005e257124ec6b99ec2,2021-01-16 23:00:21.503999949,,True,consumer,Email,WI
60025c65fb296c4ef805d9e6,2021-01-16 03:24:21.980000019,,True,consumer,Email,WI
6000b75bbe5fc96dfee1d4d3,2021-01-14 21:27:55.937999964,,True,consumer,Email,AL
6000b75bbe5fc96dfee1d4d3,2021-01-14 21:27:55.937999964,,True,consumer,Email,AL
60025c65fb296c4ef805d9e6,2021-01-16 03:24:21.980000019,,True,consumer,Email,WI
6000b75bbe5fc96dfee1d4d3,2021-01-14 21:27:55.937999964,,True,consumer,Email,AL
6000b75bbe5fc96dfee1d4d3,2021-01-14 21:27:55.937999964,,True,consumer,Email,AL
60023de5fb296c121a81b955,2021-01-16 01:14:13.653000116,,True,consumer,Email,CO
6002541ae257124ec6b99a3a,2021-01-16 02:48:58.736000061,,True,consumer,Email,WI
60049cdce257124ec6b9a353,2021-01-17 20:23:56.993999958,,True,consumer,Email,WI
60025fe0e257124ec6b99a87,2021-01-16 03:39:13.154000044,,True,consumer,Email,WI
600498c4e257124ec6b9a331,2021-01-17 20:06:29.321000099,,True,consumer,Email,WI
6004a5d3fb296c4ef805e256,2021-01-17 21:02:11.431999922,,True,consumer,Email,WI
60037a94fb296c4ef805ddbe,2021-01-16 23:45:25.319000006,,True,consumer,Email,WI
600495c3fb296c4ef805e1fc,2021-01-17 19:53:39.355999947,,True,consumer,Email,WI
6004a965e257124ec6b9a39f,2021-01-17 21:17:25.326999903,,True,consumer,Email,WI
6007464b6e64691717e8c1f0,2021-01-19 20:51:23.346999884,2021-01-19 20:55:08.492000103,True,consumer,Email,WI
6007464b6e64691717e8c1f0,2021-01-19 20:51:23.346999884,2021-01-19 20:55:08.492000103,True,consumer,Email,WI
600741d06e6469120a787853,2021-01-19 20:32:17.000000000,2021-01-19 20:39:03.299000025,True,consumer,Email,WI
600748196e64691717e8d4f0,2021-01-19 20:59:05.174999952,2021-01-19 21:02:42.823999882,True,consumer,Email,WI
600746fd6e64691717e8cfb5,2021-01-19 20:54:21.273999929,2021-01-19 20:54:21.486999989,True,consumer,Email,WI
60074b49325c8a1794623876,2021-01-19 21:12:41.648999929,2021-01-19 21:16:09.332000017,True,consumer,Email,WI
60074b49325c8a1794623876,2021-01-19 21:12:41.648999929,2021-01-19 21:16:09.332000017,True,consumer,Email,WI
60074b996e64691717e8f11a,2021-01-19 21:14:01.809000015,2021-01-19 21:14:02.009999990,True,consumer,Email,WI
600748196e64691717e8d4f0,2021-01-19 20:59:05.174999952,2021-01-19 21:02:42.823999882,True,consumer,Email,WI
600741d06e6469120a787853,2021-01-19 20:32:17.000000000,2021-01-19 20:39:03.299000025,True,consumer,Email,WI
600741d06e6469120a787853,2021-01-19 20:32:17.000000000,2021-01-19 20:39:03.299000025,True,consumer,Email,WI
600741d06e6469120a787853,2021-01-19 20:32:17.000000000,2021-01-19 20:39:03.299000025,True,consumer,Email,WI
600741d06e6469120a787853,2021-01-19 20:32:17.000000000,2021-01-19 20:39:03.299000025,True,consumer,Email,WI
600748196e64691717e8d4f0,2021-01-19 20:59:05.174999952,2021-01-19 21:02:42.823999882,True,consumer,Email,WI
600741d06e6469120a787853,2021-01-19 20:32:17.000000000,2021-01-19 20:39:03.299000025,True,consumer,Email,WI
6007464b6e64691717e8c1f0,2021-01-19 20:51:23.346999884,2021-01-19 20:55:08.492000103,True,consumer,Email,WI
600748196e64691717e8d4f0,2021-01-19 20:59:05.174999952,2021-01-19 21:02:42.823999882,True,consumer,Email,WI
60074246325c8a12289e22a0,2021-01-19 20:34:15.283999920,2021-01-19 20:34:15.510999918,True,consumer,Email,WI
60074883325c8a1794622a12,2021-01-19 21:00:51.463999987,2021-01-19 21:00:51.660000086,True,consumer,Email,WI
6006f786fb296c7f688530f8,2021-01-19 15:15:18.644000053,,True,consumer,Email,AL
60088d55633aab121bb8e41a,2021-01-20 20:06:45.740000010,2021-01-20 20:07:54.542000055,True,consumer,Email,WI
6008893b633aab121bb8e0a9,2021-01-20 19:49:15.039999962,2021-01-20 19:50:33.204999924,True,consumer,Email,WI
6008893b633aab121bb8e0a9,2021-01-20 19:49:15.039999962,2021-01-20 19:50:33.204999924,True,consumer,Email,WI
60083a1e325c8a17946255de,2021-01-20 14:11:42.022000074,2021-01-20 14:15:04.611000061,True,consumer,Email,WI
6008896c633aab121bb8e11d,2021-01-20 19:50:04.438999891,,True,consumer,Email,WI
60086a09b6310511daa4e1e9,2021-01-20 17:36:09.746999979,2021-01-20 17:36:10.045000076,True,consumer,Email,WI
60088d55633aab121bb8e41a,2021-01-20 20:06:45.740000010,2021-01-20 20:07:54.542000055,True,consumer,Email,WI
60088e5d633aab121bb8e5cf,2021-01-20 20:11:09.989000082,2021-01-20 20:11:10.035000086,True,consumer,Email,WI
60085b3dbe5fc90ee6a67b11,2021-01-20 16:33:01.151999950,2021-01-20 16:36:54.993000031,True,consumer,Email,WI
60088e44b6310511daa4ef80,2021-01-20 20:10:44.694999933,2021-01-20 20:11:55.931999922,True,consumer,Email,WI
6008893b633aab121bb8e0a9,2021-01-20 19:49:15.039999962,2021-01-20 19:50:33.204999924,True,consumer,Email,WI
6008893b633aab121bb8e0a9,2021-01-20 19:49:15.039999962,2021-01-20 19:50:33.204999924,True,consumer,Email,WI
60088d84633aab121bb8e4a6,2021-01-20 20:07:32.033999920,2021-01-20 20:07:32.078999996,True,consumer,Email,WI
6008873eb6310511daa4e8eb,2021-01-20 19:40:46.148000002,2021-01-20 19:42:58.792999983,True,consumer,Email,WI
60086978633aab121bb8c895,2021-01-20 17:33:44.062000036,2021-01-20 17:37:31.188999891,True,consumer,Email,WI
60088a25b6310511daa4ec42,2021-01-20 19:53:09.273999929,2021-01-20 19:54:22.851000071,True,consumer,Email,WI
6008622ebe5fc9247bab4eb9,2021-01-20 17:02:38.661999941,2021-01-20 17:02:38.930999994,False,consumer,Email,WI
6008893b633aab121bb8e0a9,2021-01-20 19:49:15.039999962,2021-01-20 19:50:33.204999924,True,consumer,Email,WI
6008897ab6310511daa4ebdc,2021-01-20 19:50:18.469000101,2021-01-20 19:50:18.526000023,True,consumer,Email,WI
60088a46b6310511daa4ec97,2021-01-20 19:53:42.901999950,2021-01-20 19:53:42.947999954,True,consumer,Email,WI
600987d77d983a11f63cfa92,2021-01-21 13:55:35.326999903,2021-01-21 13:59:21.062999964,True,consumer,Email,WI
600987d77d983a11f63cfa92,2021-01-21 13:55:35.326999903,2021-01-21 13:59:21.062999964,True,consumer,Email,WI
600987d77d983a11f63cfa92,2021-01-21 13:55:35.326999903,2021-01-21 13:59:21.062999964,True,consumer,Email,WI
6008f02fb6310511daa4f314,2021-01-21 03:08:31.691999912,,True,consumer,Email,IL
600988557d983a11f63d08ef,2021-01-21 13:57:41.269000053,2021-01-21 13:57:41.484999895,True,consumer,Email,WI
6009885c50b33111fd61eee9,2021-01-21 13:57:48.490000010,2021-01-21 13:57:48.697999954,True,consumer,Email,WI
600987d77d983a11f63cfa92,2021-01-21 13:55:35.326999903,2021-01-21 13:59:21.062999964,True,consumer,Email,WI
6009e60450b3311194385009,2021-01-21 20:37:25.243999958,,True,consumer,Email,WI
6009e60450b3311194385009,2021-01-21 20:37:25.243999958,,True,consumer,Email,WI
6008d447b6310511daa4f281,2021-01-21 01:09:27.424999952,,True,consumer,Email,WI
6009e60450b3311194385009,2021-01-21 20:37:25.243999958,,True,consumer,Email,WI
600987d77d983a11f63cfa92,2021-01-21 13:55:35.326999903,2021-01-21 13:59:21.062999964,True,consumer,Email,WI
60099c1450b33111fd61f702,2021-01-21 15:21:56.506999969,,True,consumer,Email,WI
600987d77d983a11f63cfa92,2021-01-21 13:55:35.326999903,2021-01-21 13:59:21.062999964,True,consumer,Email,WI
6008e9cdb6310511daa4f2e4,2021-01-21 02:41:17.263999939,,True,consumer,Email,IL
600987d77d983a11f63cfa92,2021-01-21 13:55:35.326999903,2021-01-21 13:59:21.062999964,True,consumer,Email,WI
600a03e17d983a124e9adb0f,2021-01-21 22:44:49.842000008,,True,consumer,Email,WI
600987d77d983a11f63cfa92,2021-01-21 13:55:35.326999903,2021-01-21 13:59:21.062999964,True,consumer,Email,WI
600987d77d983a11f63cfa92,2021-01-21 13:55:35.326999903,2021-01-21 13:59:21.062999964,True,consumer,Email,WI
600992d17d983a11f63d11ad,2021-01-21 14:42:25.107000113,,True,consumer,Email,WI
600b477e7d983a124e9ae061,2021-01-22 21:45:34.904000044,,True,consumer,Email,WI
600f008f4329897eac237bd8,2021-01-25 17:31:59.408999920,2021-01-25 17:35:51.917999983,True,consumer,Email,WI
600f008f4329897eac237bd8,2021-01-25 17:31:59.408999920,2021-01-25 17:35:51.917999983,True,consumer,Email,WI
600f008f4329897eac237bd8,2021-01-25 17:31:59.408999920,2021-01-25 17:35:51.917999983,True,consumer,Email,WI
600ed4815edb7811cde6b50b,2021-01-25 14:24:01.805999994,2021-01-25 14:24:02.036000013,True,consumer,Email,WI
600f008f4329897eac237bd8,2021-01-25 17:31:59.408999920,2021-01-25 17:35:51.917999983,True,consumer,Email,WI
600f41b2bd196811e68ea219,2021-01-25 22:09:55.030999899,2021-01-25 22:16:29.530999899,True,consumer,Email,WI
600f20c15edb787dce060911,2021-01-25 19:49:21.842999935,,True,consumer,Email,WI
600f47f06fd0dc1768a34a12,2021-01-25 22:36:32.551000118,2021-01-25 22:40:13.980999947,True,consumer,Email,WI
600ed42e43298911ce45d1fa,2021-01-25 14:22:39.286000013,2021-01-25 14:29:24.970000029,True,consumer,Email,WI
600ed42e43298911ce45d1fa,2021-01-25 14:22:39.286000013,2021-01-25 14:29:24.970000029,True,consumer,Email,WI
600f41b2bd196811e68ea219,2021-01-25 22:09:55.030999899,2021-01-25 22:16:29.530999899,True,consumer,Email,WI
600ed42e43298911ce45d1fa,2021-01-25 14:22:39.286000013,2021-01-25 14:29:24.970000029,True,consumer,Email,WI
600f008f4329897eac237bd8,2021-01-25 17:31:59.408999920,2021-01-25 17:35:51.917999983,True,consumer,Email,WI
600f008f4329897eac237bd8,2021-01-25 17:31:59.408999920,2021-01-25 17:35:51.917999983,True,consumer,Email,WI
600eea525edb7811cde6c81c,2021-01-25 15:57:07.029000044,,True,consumer,Email,WI
600f008f4329897eac237bd8,2021-01-25 17:31:59.408999920,2021-01-25 17:35:51.917999983,True,consumer,Email,WI
600ed48a5edb7811cde6b549,2021-01-25 14:24:10.969000101,2021-01-25 14:24:11.193000078,True,consumer,Email,WI
600f47f06fd0dc1768a34a12,2021-01-25 22:36:32.551000118,2021-01-25 22:40:13.980999947,True,consumer,Email,WI
600f47f06fd0dc1768a34a12,2021-01-25 22:36:32.551000118,2021-01-25 22:40:13.980999947,True,consumer,Email,WI
600ed42e43298911ce45d1fa,2021-01-25 14:22:39.286000013,2021-01-25 14:29:24.970000029,True,consumer,Email,WI
600fb1ac73c60b12049027bb,2021-01-26 06:07:40.878999949,2021-01-26 06:11:23.950000048,True,consumer,Email,WI
600fb1ac73c60b12049027bb,2021-01-26 06:07:40.878999949,2021-01-26 06:11:23.950000048,True,consumer,Email,WI
600fb1ac73c60b12049027bb,2021-01-26 06:07:40.878999949,2021-01-26 06:11:23.950000048,True,consumer,Email,WI
600fb1ac73c60b12049027bb,2021-01-26 06:07:40.878999949,2021-01-26 06:11:23.950000048,True,consumer,Email,WI
600fb1ac73c60b12049027bb,2021-01-26 06:07:40.878999949,2021-01-26 06:11:23.950000048,True,consumer,Email,WI
600fb1ec73c60b1204902af4,2021-01-26 06:08:44.058000088,2021-01-26 06:08:44.266999959,True,consumer,Email,WI
600fb1ac73c60b12049027bb,2021-01-26 06:07:40.878999949,2021-01-26 06:11:23.950000048,True,consumer,Email,WI
600fb1ac73c60b12049027bb,2021-01-26 06:07:40.878999949,2021-01-26 06:11:23.950000048,True,consumer,Email,WI
600fb1ac73c60b12049027bb,2021-01-26 06:07:40.878999949,2021-01-26 06:11:23.950000048,True,consumer,Email,WI
600fb1ac73c60b12049027bb,2021-01-26 06:07:40.878999949,2021-01-26 06:11:23.950000048,True,consumer,Email,WI
600fb1ac73c60b12049027bb,2021-01-26 06:07:40.878999949,2021-01-26 06:11:23.950000048,True,consumer,Email,WI
600fb1ac73c60b12049027bb,2021-01-26 06:07:40.878999949,2021-01-26 06:11:23.950000048,True,consumer,Email,WI
600fb1e4a4b74c120bd18777,2021-01-26 06:08:36.799000025,2021-01-26 06:08:37.094000101,True,consumer,Email,WI
600fb1ac73c60b12049027bb,2021-01-26 06:07:40.878999949,2021-01-26 06:11:23.950000048,True,consumer,Email,WI
600fb1ac73c60b12049027bb,2021-01-26 06:07:40.878999949,2021-01-26 06:11:23.950000048,True,consumer,Email,WI
600fb1ac73c60b12049027bb,2021-01-26 06:07:40.878999949,2021-01-26 06:11:23.950000048,True,consumer,Email,WI
600fb1ac73c60b12049027bb,2021-01-26 06:07:40.878999949,2021-01-26 06:11:23.950000048,True,consumer,Email,WI
600fb1ac73c60b12049027bb,2021-01-26 06:07:40.878999949,2021-01-26 06:11:23.950000048,True,consumer,Email,WI
6011f33173c60b1804ce1102,2021-01-27 23:11:45.990999937,2021-01-27 23:11:46.039999962,True,consumer,Email,WI
6011f43ba4b74c18d3a8ca01,2021-01-27 23:16:11.933000088,2021-01-27 23:16:12.023000002,True,consumer,Email,WI
6011f31ea4b74c18d3a8c476,2021-01-27 23:11:26.701999903,2021-01-27 23:16:11.197999954,True,consumer,Email,WI
6011f31ea4b74c18d3a8c476,2021-01-27 23:11:26.701999903,2021-01-27 23:16:11.197999954,True,consumer,Email,WI
6011f31ea4b74c18d3a8c476,2021-01-27 23:11:26.701999903,2021-01-27 23:16:11.197999954,True,consumer,Email,WI
6011f42773c60b1804ce1607,2021-01-27 23:15:51.960999966,2021-01-27 23:15:52.006000042,True,consumer,Email,WI
60118bcfa4b74c18d3a8c0d7,2021-01-27 15:50:39.664000034,2021-01-27 15:52:41.503000020,True,consumer,Email,WI
6010be65a4b74c120bd19edc,2021-01-27 01:14:13.599999905,2021-01-27 01:14:13.644000053,True,consumer,Email,WI
6010bddaa4b74c120bd19dfb,2021-01-27 01:11:54.996999979,2021-01-27 01:14:25.032000065,True,consumer,Email,WI
60118c0fa4b74c18d3a8c151,2021-01-27 15:51:43.510999918,2021-01-27 15:51:43.565999985,True,consumer,Email,WI
6011f33173c60b1804ce1102,2021-01-27 23:11:45.990999937,2021-01-27 23:11:46.039999962,True,consumer,Email,WI
6010bddaa4b74c120bd19dfb,2021-01-27 01:11:54.996999979,2021-01-27 01:14:25.032000065,True,consumer,Email,WI
6011f33173c60b1804ce1102,2021-01-27 23:11:45.990999937,2021-01-27 23:11:46.039999962,True,consumer,Email,WI
60118bcfa4b74c18d3a8c0d7,2021-01-27 15:50:39.664000034,2021-01-27 15:52:41.503000020,True,consumer,Email,WI
6010bddaa4b74c120bd19dfb,2021-01-27 01:11:54.996999979,2021-01-27 01:14:25.032000065,True,consumer,Email,WI
60118bcfa4b74c18d3a8c0d7,2021-01-27 15:50:39.664000034,2021-01-27 15:52:41.503000020,True,consumer,Email,WI
6011f31ea4b74c18d3a8c476,2021-01-27 23:11:26.701999903,2021-01-27 23:16:11.197999954,True,consumer,Email,WI
6010be6673c60b12049040ef,2021-01-27 01:14:14.980999947,2021-01-27 01:14:15.028000116,True,consumer,Email,WI
6011f33173c60b1804ce1102,2021-01-27 23:11:45.990999937,2021-01-27 23:11:46.039999962,True,consumer,Email,WI
6010be6173c60b12049040d7,2021-01-27 01:14:09.099999905,2021-01-27 01:14:09.163000107,True,consumer,Email,WI
60132acb73c60b3ca7f3ba32,2021-01-28 21:21:15.898000002,2021-01-28 21:25:01.904000044,True,consumer,Email,WI
60132acb73c60b3ca7f3ba32,2021-01-28 21:21:15.898000002,2021-01-28 21:25:01.904000044,True,consumer,Email,WI
600f00d05edb787dce05fb84,2021-01-25 17:33:04.549000025,,True,consumer,Email,WI
60132acb73c60b3ca7f3ba32,2021-01-28 21:21:15.898000002,2021-01-28 21:25:01.904000044,True,consumer,Email,WI
600f00d05edb787dce05fb84,2021-01-25 17:33:04.549000025,,True,consumer,Email,WI
60132b85a4b74c3cbc516295,2021-01-28 21:24:21.760999918,2021-01-28 21:24:21.913000107,True,consumer,Email,WI
60132b8b73c60b3ca7f3baee,2021-01-28 21:24:27.221999884,2021-01-28 21:24:27.387000084,True,consumer,Email,WI
600f19914329897eac238fef,2021-01-25 19:18:41.390000105,,True,consumer,Email,WI
6014558767804a1228b20d00,2021-01-29 18:35:51.391000032,2021-01-29 18:35:51.434000015,True,consumer,Email,WI
601465c567804a1228b20f89,2021-01-29 19:45:09.523000001,2021-01-29 19:45:09.566999912,True,consumer,Email,WI
60145a3c84231211ce796c5d,2021-01-29 18:55:56.506999969,2021-01-29 18:58:36.698999882,True,consumer,Email,WI
6014499c67804a1228b1f5b0,2021-01-29 17:45:00.842000008,2021-01-29 18:00:01.463999987,True,consumer,Email,WI
600f35015edb782098e2ac1b,2021-01-25 21:15:46.246000051,,True,consumer,Email,WI
60147001c8b50e11d8453c36,2021-01-29 20:28:49.403000116,2021-01-29 20:28:49.621999979,True,consumer,Email,WI
60145a5584231211ce796cac,2021-01-29 18:56:21.483999968,2021-01-29 18:56:21.542000055,True,consumer,Email,WI
6014558767804a1228b20d00,2021-01-29 18:35:51.391000032,2021-01-29 18:35:51.434000015,True,consumer,Email,WI
6014319173c60b3ca7f3bf01,2021-01-29 16:02:25.329999924,2021-01-29 16:05:28.917999983,True,consumer,Email,WI
6014558467804a1228b20cf0,2021-01-29 18:35:48.059999943,2021-01-29 18:35:48.132999897,True,consumer,Email,WI
6014485b84231211ce793d79,2021-01-29 17:39:39.323999882,2021-01-29 17:43:11.937000036,True,consumer,Email,WI
601431c173c60b3ca7f3bf63,2021-01-29 16:03:13.318000078,2021-01-29 16:03:13.361999989,True,consumer,Email,WI
601465a884231211ce796db3,2021-01-29 19:44:40.680000067,2021-01-29 19:44:40.757999897,True,consumer,Email,WI
60145ff384231211ce796d51,2021-01-29 19:20:19.721999884,,True,consumer,Email,
60146f2ac8b50e11d8452661,2021-01-29 20:25:14.220999956,2021-01-29 20:29:08.512000083,True,consumer,Email,WI
60145a3c84231211ce796c5d,2021-01-29 18:55:56.506999969,2021-01-29 18:58:36.698999882,True,consumer,Email,WI
6014658e67804a1228b20ef4,2021-01-29 19:44:14.197000027,2021-01-29 19:46:07.346999884,True,consumer,Email,WI
601442ce67804a1228b1dc41,2021-01-29 17:15:58.194999933,2021-01-29 17:18:54.023000002,True,consumer,Email,WI
601465a584231211ce796da5,2021-01-29 19:44:37.375999928,2021-01-29 19:44:37.437000036,True,consumer,Email,WI
60145ff384231211ce796d51,2021-01-29 19:20:19.721999884,,True,consumer,Email,
60147d2ac8b50e11d8453f53,2021-01-29 21:24:58.184000015,,True,consumer,Email,OH
60147d2ac8b50e11d8453f53,2021-01-29 21:24:58.184000015,,True,consumer,Email,OH
601890a99a1b091205b61ced,2021-02-01 23:37:13.078999996,2021-02-01 23:37:13.125999928,True,consumer,Email,WI
60183090c8b50e11d84549c0,2021-02-01 16:47:12.842999935,2021-02-01 16:48:32.030999899,True,consumer,Email,WI
60183090c8b50e11d84549c0,2021-02-01 16:47:12.842999935,2021-02-01 16:48:32.030999899,True,consumer,Email,WI
60147d2ac8b50e11d8453f53,2021-01-29 21:24:58.184000015,,True,consumer,Email,OH
60182f4ac8b50e11d8454946,2021-02-01 16:41:46.572999954,2021-02-01 16:41:46.615000010,True,consumer,Email,WI
60182d6dc8b50e11d84547b2,2021-02-01 16:33:49.872999907,2021-02-01 16:36:01.759000063,True,consumer,Email,WI
60147d2ac8b50e11d8453f53,2021-01-29 21:24:58.184000015,,True,consumer,Email,OH
60183c579a1b091205b61a5f,2021-02-01 17:37:27.795000076,2021-02-01 17:39:27.811000109,True,consumer,Email,WI
60147d2ac8b50e11d8453f53,2021-01-29 21:24:58.184000015,,True,consumer,Email,OH
60189c94c8b50e11d8454f6b,2021-02-02 00:28:04.019999981,2021-02-02 00:28:04.072999954,True,consumer,Email,WI
60189c74c8b50e11d8454eff,2021-02-02 00:27:32.641999960,2021-02-02 00:29:09.976999998,True,consumer,Email,WI
60189c74c8b50e11d8454eff,2021-02-02 00:27:32.641999960,2021-02-02 00:29:09.976999998,True,consumer,Email,WI
60189c94c8b50e11d8454f6b,2021-02-02 00:28:04.019999981,2021-02-02 00:28:04.072999954,True,consumer,Email,WI
60189c74c8b50e11d8454eff,2021-02-02 00:27:32.641999960,2021-02-02 00:29:09.976999998,True,consumer,Email,WI
60189c74c8b50e11d8454eff,2021-02-02 00:27:32.641999960,2021-02-02 00:29:09.976999998,True,consumer,Email,WI
60189c88c8b50e11d8454f2f,2021-02-02 00:27:52.816999912,2021-02-02 00:27:52.868000031,True,consumer,Email,WI
60189c74c8b50e11d8454eff,2021-02-02 00:27:32.641999960,2021-02-02 00:29:09.976999998,True,consumer,Email,WI
60189c859a1b091205b61de1,2021-02-02 00:27:49.144999981,2021-02-02 00:27:49.193000078,True,consumer,Email,WI
60189c74c8b50e11d8454eff,2021-02-02 00:27:32.641999960,2021-02-02 00:29:09.976999998,True,consumer,Email,WI
60189c74c8b50e11d8454eff,2021-02-02 00:27:32.641999960,2021-02-02 00:29:09.976999998,True,consumer,Email,WI
60189c94c8b50e11d8454f6b,2021-02-02 00:28:04.019999981,2021-02-02 00:28:04.072999954,True,consumer,Email,WI
60189c94c8b50e11d8454f6b,2021-02-02 00:28:04.019999981,2021-02-02 00:28:04.072999954,True,consumer,Email,WI
60186237c8b50e11d8454d5f,2021-02-01 20:19:03.551000118,,True,consumer,Email,
60186237c8b50e11d8454d5f,2021-02-01 20:19:03.551000118,,True,consumer,Email,
601ac1da591789121574dc07,2021-02-03 15:31:38.704999924,2021-02-03 15:31:38.908999920,True,consumer,Email,WI
60186237c8b50e11d8454d5f,2021-02-01 20:19:03.551000118,,True,consumer,Email,
60183e6c9a1b091205b61b49,2021-02-01 17:46:20.467999935,,True,consumer,Email,SC
601ac195af4b1a1205f7560f,2021-02-03 15:30:29.397000074,2021-02-03 15:34:11.042999983,True,consumer,Email,WI
60186237c8b50e11d8454d5f,2021-02-01 20:19:03.551000118,,True,consumer,Email,
60186237c8b50e11d8454d5f,2021-02-01 20:19:03.551000118,,True,consumer,Email,
601c6887969c0b11f7d0c81f,2021-02-04 21:35:03.045000076,2021-02-04 21:36:30.187999964,True,consumer,Email,WI
601c68d229c30a1227ada484,2021-02-04 21:36:18.529999970,2021-02-04 21:36:18.572000027,True,consumer,Email,WI
601c2c05969c0b11f7d0b097,2021-02-04 17:16:53.700000048,2021-02-04 17:20:30.227999926,True,consumer,Email,WI
601c2c6a29c30a1227ad93bd,2021-02-04 17:18:34.447000027,2021-02-04 17:18:34.650000095,True,consumer,Email,WI
601c2c05969c0b11f7d0b097,2021-02-04 17:16:53.700000048,2021-02-04 17:20:30.227999926,True,consumer,Email,WI
55308179e4b0eabd8f99caa2,2015-04-17 03:43:53.186000109,2018-05-07 17:23:40.003000021,True,consumer,,WI
60217fa799409b11fcf899fe,2021-02-08 18:15:03.713999987,,True,consumer,Email,WI
602176c9b57b8a12187fe77e,2021-02-08 17:37:13.950000048,2021-02-08 17:37:13.989000082,True,consumer,Email,WI
602176a3b57b8a12187fe717,2021-02-08 17:36:35.108999968,2021-02-08 17:36:35.150000095,True,consumer,Email,WI
6022998599409b11fcf89c53,2021-02-09 14:17:41.256999969,2021-02-09 14:18:58.835000038,True,consumer,Email,WI
60229990b57b8a12187fe9e0,2021-02-09 14:17:52.581000090,2021-02-09 14:17:52.625999928,True,consumer,Email,WI
60229990b57b8a12187fe9e0,2021-02-09 14:17:52.581000090,2021-02-09 14:17:52.625999928,True,consumer,Email,WI
59c124bae4b0299e55b0f330,2017-09-19 14:07:54.302000046,2021-02-08 16:42:58.117000103,True,fetch-staff,,WI
59c124bae4b0299e55b0f330,2017-09-19 14:07:54.302000046,2021-02-08 16:42:58.117000103,True,fetch-staff,,WI
59c124bae4b0299e55b0f330,2017-09-19 14:07:54.302000046,2021-02-08 16:42:58.117000103,True,fetch-staff,,WI
59c124bae4b0299e55b0f330,2017-09-19 14:07:54.302000046,2021-02-08 16:42:58.117000103,True,fetch-staff,,WI
59c124bae4b0299e55b0f330,2017-09-19 14:07:54.302000046,2021-02-08 16:42:58.117000103,True,fetch-staff,,WI
59c124bae4b0299e55b0f330,2017-09-19 14:07:54.302000046,2021-02-08 16:42:58.117000103,True,fetch-staff,,WI
59c124bae4b0299e55b0f330,2017-09-19 14:07:54.302000046,2021-02-08 16:42:58.117000103,True,fetch-staff,,WI
59c124bae4b0299e55b0f330,2017-09-19 14:07:54.302000046,2021-02-08 16:42:58.117000103,True,fetch-staff,,WI
59c124bae4b0299e55b0f330,2017-09-19 14:07:54.302000046,2021-02-08 16:42:58.117000103,True,fetch-staff,,WI
6024399defa60112282c0ac9,2021-02-10 19:53:01.857000113,2021-02-10 19:53:02.078999996,True,consumer,Email,WI
59c124bae4b0299e55b0f330,2017-09-19 14:07:54.302000046,2021-02-08 16:42:58.117000103,True,fetch-staff,,WI
59c124bae4b0299e55b0f330,2017-09-19 14:07:54.302000046,2021-02-08 16:42:58.117000103,True,fetch-staff,,WI
59c124bae4b0299e55b0f330,2017-09-19 14:07:54.302000046,2021-02-08 16:42:58.117000103,True,fetch-staff,,WI
5f2068904928021530f8fc34,2020-07-28 18:04:00.904999971,2021-02-04 15:30:05.375000000,True,fetch-staff,Email,WI
59c124bae4b0299e55b0f330,2017-09-19 14:07:54.302000046,2021-02-08 16:42:58.117000103,True,fetch-staff,,WI
59c124bae4b0299e55b0f330,2017-09-19 14:07:54.302000046,2021-02-08 16:42:58.117000103,True,fetch-staff,,WI
59c124bae4b0299e55b0f330,2017-09-19 14:07:54.302000046,2021-02-08 16:42:58.117000103,True,fetch-staff,,WI
59c124bae4b0299e55b0f330,2017-09-19 14:07:54.302000046,2021-02-08 16:42:58.117000103,True,fetch-staff,,WI
59c124bae4b0299e55b0f330,2017-09-19 14:07:54.302000046,2021-02-08 16:42:58.117000103,True,fetch-staff,,WI
59c124bae4b0299e55b0f330,2017-09-19 14:07:54.302000046,2021-02-08 16:42:58.117000103,True,fetch-staff,,WI
602558b1efa60114d20e5dc7,2021-02-11 16:17:53.737999916,2021-02-11 16:17:53.798000097,True,consumer,Email,WI
602538adb54593795bf692ac,2021-02-11 14:01:17.332000017,2021-02-11 14:01:17.388000011,True,consumer,Email,WI
60255883efa60114d20e5d4e,2021-02-11 16:17:07.502000093,2021-02-11 16:18:29.219000101,True,consumer,Email,WI
602558adb5459313e1e9b7ce,2021-02-11 16:17:49.831000090,2021-02-11 16:17:49.892999887,True,consumer,Email,WI
6025388fb54593795bf69234,2021-02-11 14:00:47.269000053,2021-02-11 14:00:47.332000017,True,consumer,Email,WI
5fb0a078be5fc9775c1f3945,2020-11-15 03:28:56.818000078,,True,consumer,Google,AL
60268c7aefa6011bb1510786,2021-02-12 14:11:06.240000010,2021-02-12 14:11:06.293999910,True,consumer,Email,WI
5a43c08fe4b014fd6b6a0612,2017-12-27 15:47:27.059000015,2021-02-12 16:22:37.154999971,True,consumer,,
5a43c08fe4b014fd6b6a0612,2017-12-27 15:47:27.059000015,2021-02-12 16:22:37.154999971,True,consumer,,
5a43c08fe4b014fd6b6a0612,2017-12-27 15:47:27.059000015,2021-02-12 16:22:37.154999971,True,consumer,,
5a43c08fe4b014fd6b6a0612,2017-12-27 15:47:27.059000015,2021-02-12 16:22:37.154999971,True,consumer,,
5a43c08fe4b014fd6b6a0612,2017-12-27 15:47:27.059000015,2021-02-12 16:22:37.154999971,True,consumer,,
60268c69efa6011bb151075f,2021-02-12 14:10:49.407999992,2021-02-12 14:12:07.107000113,True,consumer,Email,WI
5a43c08fe4b014fd6b6a0612,2017-12-27 15:47:27.059000015,2021-02-12 16:22:37.154999971,True,consumer,,
5fb0a078be5fc9775c1f3945,2020-11-15 03:28:56.818000078,,True,consumer,Google,AL
5a43c08fe4b014fd6b6a0612,2017-12-27 15:47:27.059000015,2021-02-12 16:22:37.154999971,True,consumer,,
5a43c08fe4b014fd6b6a0612,2017-12-27 15:47:27.059000015,2021-02-12 16:22:37.154999971,True,consumer,,
5fbc35711d967d1222cbfefc,2020-11-23 22:19:29.509000063,2021-02-26 04:25:51.056999922,True,fetch-staff,Email,
5fbc35711d967d1222cbfefc,2020-11-23 22:19:29.509000063,2021-02-26 04:25:51.056999922,True,fetch-staff,Email,
5fbc35711d967d1222cbfefc,2020-11-23 22:19:29.509000063,2021-02-26 04:25:51.056999922,True,fetch-staff,Email,
5fc961c3b8cfca11a077dd33,2020-12-03 22:08:03.936000109,2021-02-26 22:39:16.799000025,True,fetch-staff,Email,NH
5fc961c3b8cfca11a077dd33,2020-12-03 22:08:03.936000109,2021-02-26 22:39:16.799000025,True,fetch-staff,Email,NH
5fc961c3b8cfca11a077dd33,2020-12-03 22:08:03.936000109,2021-02-26 22:39:16.799000025,True,fetch-staff,Email,NH
5fc961c3b8cfca11a077dd33,2020-12-03 22:08:03.936000109,2021-02-26 22:39:16.799000025,True,fetch-staff,Email,NH
5fc961c3b8cfca11a077dd33,2020-12-03 22:08:03.936000109,2021-02-26 22:39:16.799000025,True,fetch-staff,Email,NH
5fc961c3b8cfca11a077dd33,2020-12-03 22:08:03.936000109,2021-02-26 22:39:16.799000025,True,fetch-staff,Email,NH
5fc961c3b8cfca11a077dd33,2020-12-03 22:08:03.936000109,2021-02-26 22:39:16.799000025,True,fetch-staff,Email,NH
5fc961c3b8cfca11a077dd33,2020-12-03 22:08:03.936000109,2021-02-26 22:39:16.799000025,True,fetch-staff,Email,NH
5fc961c3b8cfca11a077dd33,2020-12-03 22:08:03.936000109,2021-02-26 22:39:16.799000025,True,fetch-staff,Email,NH
5fc961c3b8cfca11a077dd33,2020-12-03 22:08:03.936000109,2021-02-26 22:39:16.799000025,True,fetch-staff,Email,NH
5fc961c3b8cfca11a077dd33,2020-12-03 22:08:03.936000109,2021-02-26 22:39:16.799000025,True,fetch-staff,Email,NH
5fc961c3b8cfca11a077dd33,2020-12-03 22:08:03.936000109,2021-02-26 22:39:16.799000025,True,fetch-staff,Email,NH
5fc961c3b8cfca11a077dd33,2020-12-03 22:08:03.936000109,2021-02-26 22:39:16.799000025,True,fetch-staff,Email,NH
5fc961c3b8cfca11a077dd33,2020-12-03 22:08:03.936000109,2021-02-26 22:39:16.799000025,True,fetch-staff,Email,NH
5fc961c3b8cfca11a077dd33,2020-12-03 22:08:03.936000109,2021-02-26 22:39:16.799000025,True,fetch-staff,Email,NH
5fc961c3b8cfca11a077dd33,2020-12-03 22:08:03.936000109,2021-02-26 22:39:16.799000025,True,fetch-staff,Email,NH
5fc961c3b8cfca11a077dd33,2020-12-03 22:08:03.936000109,2021-02-26 22:39:16.799000025,True,fetch-staff,Email,NH
5fc961c3b8cfca11a077dd33,2020-12-03 22:08:03.936000109,2021-02-26 22:39:16.799000025,True,fetch-staff,Email,NH
5fc961c3b8cfca11a077dd33,2020-12-03 22:08:03.936000109,2021-02-26 22:39:16.799000025,True,fetch-staff,Email,NH
5fc961c3b8cfca11a077dd33,2020-12-03 22:08:03.936000109,2021-02-26 22:39:16.799000025,True,fetch-staff,Email,NH
5fa41775898c7a11a6bcef3e,2020-11-05 15:17:09.395999908,2021-03-04 16:02:02.026000023,True,fetch-staff,Email,
5fa32b4d898c7a11a6bcebce,2020-11-04 22:29:33.309000015,2021-03-04 07:21:58.046999931,True,fetch-staff,Google,AL
5fa41775898c7a11a6bcef3e,2020-11-05 15:17:09.395999908,2021-03-04 16:02:02.026000023,True,fetch-staff,Email,
5fa41775898c7a11a6bcef3e,2020-11-05 15:17:09.395999908,2021-03-04 16:02:02.026000023,True,fetch-staff,Email,
5fa41775898c7a11a6bcef3e,2020-11-05 15:17:09.395999908,2021-03-04 16:02:02.026000023,True,fetch-staff,Email,
5fa41775898c7a11a6bcef3e,2020-11-05 15:17:09.395999908,2021-03-04 16:02:02.026000023,True,fetch-staff,Email,
5fa41775898c7a11a6bcef3e,2020-11-05 15:17:09.395999908,2021-03-04 16:02:02.026000023,True,fetch-staff,Email,
5964eb07e4b03efd0c0f267b,2017-07-11 15:13:11.770999908,2021-03-04 19:07:49.769999981,True,fetch-staff,,IL
5fa41775898c7a11a6bcef3e,2020-11-05 15:17:09.395999908,2021-03-04 16:02:02.026000023,True,fetch-staff,Email,
5fa41775898c7a11a6bcef3e,2020-11-05 15:17:09.395999908,2021-03-04 16:02:02.026000023,True,fetch-staff,Email,
5fa41775898c7a11a6bcef3e,2020-11-05 15:17:09.395999908,2021-03-04 16:02:02.026000023,True,fetch-staff,Email,
5fa41775898c7a11a6bcef3e,2020-11-05 15:17:09.395999908,2021-03-04 16:02:02.026000023,True,fetch-staff,Email,
5fa41775898c7a11a6bcef3e,2020-11-05 15:17:09.395999908,2021-03-04 16:02:02.026000023,True,fetch-staff,Email,
5fa41775898c7a11a6bcef3e,2020-11-05 15:17:09.395999908,2021-03-04 16:02:02.026000023,True,fetch-staff,Email,
5fa41775898c7a11a6bcef3e,2020-11-05 15:17:09.395999908,2021-03-04 16:02:02.026000023,True,fetch-staff,Email,
5fa41775898c7a11a6bcef3e,2020-11-05 15:17:09.395999908,2021-03-04 16:02:02.026000023,True,fetch-staff,Email,
5fa41775898c7a11a6bcef3e,2020-11-05 15:17:09.395999908,2021-03-04 16:02:02.026000023,True,fetch-staff,Email,
5fa41775898c7a11a6bcef3e,2020-11-05 15:17:09.395999908,2021-03-04 16:02:02.026000023,True,fetch-staff,Email,
5fa41775898c7a11a6bcef3e,2020-11-05 15:17:09.395999908,2021-03-04 16:02:02.026000023,True,fetch-staff,Email,
5fa41775898c7a11a6bcef3e,2020-11-05 15:17:09.395999908,2021-03-04 16:02:02.026000023,True,fetch-staff,Email,
54943462e4b07e684157a532,2014-12-19 14:21:22.381000042,2021-03-05 16:52:23.203999996,True,fetch-staff,,
54943462e4b07e684157a532,2014-12-19 14:21:22.381000042,2021-03-05 16:52:23.203999996,True,fetch-staff,,
54943462e4b07e684157a532,2014-12-19 14:21:22.381000042,2021-03-05 16:52:23.203999996,True,fetch-staff,,
54943462e4b07e684157a532,2014-12-19 14:21:22.381000042,2021-03-05 16:52:23.203999996,True,fetch-staff,,
54943462e4b07e684157a532,2014-12-19 14:21:22.381000042,2021-03-05 16:52:23.203999996,True,fetch-staff,,
54943462e4b07e684157a532,2014-12-19 14:21:22.381000042,2021-03-05 16:52:23.203999996,True,fetch-staff,,
54943462e4b07e684157a532,2014-12-19 14:21:22.381000042,2021-03-05 16:52:23.203999996,True,fetch-staff,,
54943462e4b07e684157a532,2014-12-19 14:21:22.381000042,2021-03-05 16:52:23.203999996,True,fetch-staff,,
54943462e4b07e684157a532,2014-12-19 14:21:22.381000042,2021-03-05 16:52:23.203999996,True,fetch-staff,,
54943462e4b07e684157a532,2014-12-19 14:21:22.381000042,2021-03-05 16:52:23.203999996,True,fetch-staff,,
54943462e4b07e684157a532,2014-12-19 14:21:22.381000042,2021-03-05 16:52:23.203999996,True,fetch-staff,,
54943462e4b07e684157a532,2014-12-19 14:21:22.381000042,2021-03-05 16:52:23.203999996,True,fetch-staff,,
54943462e4b07e684157a532,2014-12-19 14:21:22.381000042,2021-03-05 16:52:23.203999996,True,fetch-staff,,
54943462e4b07e684157a532,2014-12-19 14:21:22.381000042,2021-03-05 16:52:23.203999996,True,fetch-staff,,
54943462e4b07e684157a532,2014-12-19 14:21:22.381000042,2021-03-05 16:52:23.203999996,True,fetch-staff,,
54943462e4b07e684157a532,2014-12-19 14:21:22.381000042,2021-03-05 16:52:23.203999996,True,fetch-staff,,
54943462e4b07e684157a532,2014-12-19 14:21:22.381000042,2021-03-05 16:52:23.203999996,True,fetch-staff,,
54943462e4b07e684157a532,2014-12-19 14:21:22.381000042,2021-03-05 16:52:23.203999996,True,fetch-staff,,
54943462e4b07e684157a532,2014-12-19 14:21:22.381000042,2021-03-05 16:52:23.203999996,True,fetch-staff,,
54943462e4b07e684157a532,2014-12-19 14:21:22.381000042,2021-03-05 16:52:23.203999996,True,fetch-staff,,
